Model name,Pricing
*三星（SAMSUNG） Galaxy C7 pro,￥2899.00
*三星（SAMSUNG） Galaxy C5 Pro,￥2499.00
*三星（SAMSUNG） Galaxy On5,￥1199.00
*三星（SAMSUNG） Galaxy C9 Pro,￥3199.00
*三星（SAMSUNG） Galaxy A9,"￥2290.00
￥2245.00"
*三星（SAMSUNG） Galaxy Note5,"￥3199.00
￥3188.00"
*三星（SAMSUNG） Galaxy On7,￥1399.00
*三星（SAMSUNG） Galaxy C5,￥1687.00
*三星（SAMSUNG） Galaxy C7,￥2599.00
*三星（SAMSUNG） Galaxy S7,￥3788.00
*三星（SAMSUNG） Galaxy S6,"￥2399.00
￥2299.00"
*三星（SAMSUNG） Galaxy Folder,"￥1499.00
￥1449.00"
*三星（SAMSUNG） 大器3,"￥2999.00
￥2989.00"
*三星（SAMSUNG） 领世旗舰Ⅲ,￥7888.00
*三星（SAMSUNG） W2016,￥10999.00
*三星（SAMSUNG） Galaxy Mega 5.8,￥699.00
*三星（SAMSUNG） W2015,￥6666.00
*三星（SAMSUNG） Galaxy A5,￥999.00
*三星（SAMSUNG） Galaxy S6 Edge,￥3588.00
*三星（SAMSUNG） Galaxy Note 3,￥499.00
*三星（SAMSUNG） Galaxy A7,￥899.00
*三星（SAMSUNG） I8558,￥499.00
*三星（SAMSUNG） G3608,￥488.00
*三星（SAMSUNG） Galaxy S5,￥999.00
*三星 Galaxy S6 Edge+（G9280）4GB+32GB 雪晶白 全网通4G,"￥3588.00
￥3566.00"
三星 2016版 Galaxy On7（G6100）全网通 4G手机 双卡双待 黑色 (3G RAM+32G ROM)标准版,￥1436.00
三星 Galaxy Folder SM-G1600 翻盖手机 金色 全网通(2GRAM+16GROM)标配,￥1451.00
*三星 Galaxy S7 edge（G9350）4GB+64GB 星钻黑 全网通4G 双卡双待,￥5188.00
三星GALAXY J3 Pro（J3110/J3119）智能4G手机 双卡双待 流沙金 电信版4G(2GB RAM+16GB ROM)标配,￥699.00
三星 2016版 Galaxy On5(G5510) 双卡双待 手机 流沙金 全网通青春版(2G RAM+16G ROM),￥779.00
三星 Galaxy C9 Pro（C9000） 墨玉黑 全网通4G (6 G+64 G) 标配,￥3199.00
三星 J3 Pro 手机 金色 移动联通双4G(2G RAM+16GROM)标配,￥799.00
三星 Galaxy C5（SM-C5000）移动联通电信 全网通4G手机 双卡双待 枫叶金 标配版4G(4G RAM+32G ROM),￥1649.00
三星 Galaxy On5（G5510）手机 双卡双待 流沙金 全网通(2+16G),￥778.00
三星（SAMSUNG）移动联通2G手机 E1080C 移动联通2G,￥188.00
三星 Galaxy C7 Pro（C7010）双卡双待手机 枫叶金 全网通 (4GB RAM+64GB ROM)标配,￥2899.00
三星 Galaxy S6 Edge+（G9280） 移动联通电信 全网通4G 铂光金 标配版(4GB RAM+32GB ROM)标准,￥3688.00
*全球购 Samsung 三星W2015尊享手机 w2015 奢华典范 香港直邮 至尊银（限量版）,"￥5599.00
￥5466.00"
三星(SAMSUNG) Galaxy S7 edge (G9350) 4G手机 双卡双待 星钻黑 全网通(4G RAM+32G ROM)标配,￥4288.00
三星 2016版 Galaxy On5(G5510) 移动联通电信4G 双卡双待 手机 嫣霞粉 全网通(2GB RAM+16GB ROM)标配,￥788.00
三星 时尚版 Galaxy On5 (G5520) 手机 流沙金 全网通(2GRAM+16GROM)标配,￥835.00
三星 Galaxy S7（G9300/G9308） 手机 铂光金 全网通(4G RAM+32GROM)标配版,￥3535.00
三星(SAMSUNG) W2017 翻盖4G手机 尊贵金 电信4G(4G RAM+64G ROM)标配,￥13066.00
*SAMSUNG 三星 Galaxy S7 edge G9350 5.5英寸 双曲面屏幕 珊瑚蓝 32GB,￥3688.00
三星 Galaxy C7（SM-C7000） 移动联通电信 全网通4G手机 双卡双待 烟雨灰 高配版(4GB RAM+64GB ROM),￥2149.00
三星 Galaxy C9 Pro（C9000）双卡双待 4G手机 蔷薇粉 全网通4G (6G RAM+64G ROM) 标配,￥3199.00
三星 2016版 Galaxy On5 （G5700）全网通 4G手机 钛岩黑 全网通标配,￥1119.00
*三星（Samsung）Galaxy Folder SM-G1600 翻盖手机 金色 2GB+16GB 全网通 标配,￥1388.00
三星 Galaxy C9 Pro（C9000） 全网通4G手机 双卡双待 墨玉黑 (6G RAM+64G ROM) 标准,￥3199.00
三星 W2015 电信4G手机 双卡双待双通 尊贵金,￥5899.00
三星 Galaxy Folder (SM-G1600) 翻盖手机 金色 全网通(2GRAM+16GROM)标配,￥1451.00
三星 2016版 Galaxy On7 (G6100)双卡双待4G手机 嫣霞粉 全网通4G(3G RAM+32G ROM)标配,￥1388.00
三星GALAXY J3 Pro 手机 金色 电信4G (2G RAM+16GROM)标配版,￥715.00
三星 2016版 Galaxy On5 （G5700）32G 全网通 4G手机 双卡双待 流沙金 全网通(3GB RAM+32GB ROM),￥1039.00
三星 Galaxy S6 Edge+（G9280）4G手机 铂光金 全网通 (4G+32G),￥3618.00
三星 Galaxy On5（G5510）全网通4G 青春版 智能手机 流沙金(2+16G),￥999.00
三星 ON5 时尚版 (G5520) 全网通4G 手机 金色时尚版,￥838.00
三星(SAMSUNG) W2016双卡双待 4G手机 尊崇银 电信4G(3GRAM+64GROM)标配,￥10388.00
三星 Galaxy S7 edge (G9350) 4G智能手机 星钻黑 全网通(4+32G),￥4188.00
三星 Galaxy C5（SM-C5000）移动联通电信4G手机 双卡双待 蔷薇粉 4GRAM+32GROM 版标配,￥1698.00
三星 2016版 Galaxy On5 （G5700）全网通双卡双待 4G手机 流沙金 全网通 (3G RAM+32G ROM) 标配,￥1119.00
*全球购 SAMSUNG三星 W2016 双卡双待 电信4G手机 w2016尊贵金香港直邮 尊贵金,"￥7888.00
￥7799.00"
三星(SAMSUNG) Galaxy C9 Pro (C9000) 4G手机 双卡双待 枫叶金 全网通(6G RAM+64G ROM)标配,￥3199.00
三星 Galaxy C5（SM-C5000）智能4G手机 双卡双待 烟雨灰 全网通(4G RAM+32G ROM)标配,￥1698.00
*SAMSUNG/三星SCH-B309I电信老人手机CDMA天翼学生直板老人机 B309I黑色电信,￥259.00
*【eBay精选】三星Galaxy S7 Edge G935FD 32G智能手机 蓝色 G935FD,￥4098.00
三星Galaxy C7 Pro(C7010)手机 苍海蓝 全网通(4GB RAM+64GB ROM),￥2899.00
三星 Galaxy S6 Edge+（G9280） 手机 雪晶白 全网通 (4G RAM+32G ROM) 标配,￥3499.00
三星 Galaxy On5(G5700) 全网通4G智能手机 移动联通电信 (3GB+32GB) 流沙金,￥1199.00
*全球购 三星（SAMSUNG）Galaxy S7edge 双4G 智能手机 黑色 4GB+32G 港版 (G9350),￥3688.00
三星(SAMSUNG) 大器3 SM-G9092 联通手机 双卡双待 名仕蓝 联通 (2G RAM+32G ROM) 标配,￥2988.00
三星 Galaxy J3 Pro（J3119）智能4G手机 双卡双待 金色 电信版(2+16G),￥739.00
*三星Galaxy S7 edge 全网通 双曲面屏5.5英寸 4G智能手机 钛泽银 32GB,"￥3788.00
￥3688.00"
三星Galaxy C7 Pro（C7010）手机 粉色 全网通4G (4G RAM+64G ROM) 标配,￥2899.00
*全球购 三星(SAMSUNG) E1200R直板按键学生老人机备用待机长小手机,￥328.00
三星(SAMSUNG) GALAXY J3 Pro(J3110) 移动联通4G双卡手机 银色 移动联通(2G+16G),￥729.00
*Galaxy三星 S6 Edge G9250 智能手机 全网通 绿色 32G,￥3388.00
三星 青春版 Galaxy On5 (G5510) 手机 嫣霞粉 全网通(2GRAM+16GROM)标配,￥788.00
三星（SAMSUNG）Galaxy C5 Pro（C5010） 碧湖蓝 全网通(4G RAM+64G ROM) 标配,￥2499.00
三星 2016版 Galaxy On5 （G5700） 流沙金 全网通(3G RAM+32G ROM),￥1079.00
三星 Galaxy C7（SM-C7000） 智能4G手机 双卡双待 烟雨灰 全网通(4GRAM+32GROM)标配,￥1999.00
三星 Galaxy ON5 时尚版 (G5520) 全网通4G 智能手机 双卡双待 流沙金 全网通(2G RAM +16G ROM)标配,￥859.00
三星 Galaxy C7（SM-C7000）移动电信联通 枫叶金 全网通4G (4+64G),￥2138.00
*全球购 Samsung/三星 SM-G9098移动版双卡双屏 四核双屏（深灰色）,"￥3999.00
￥3888.00"
*三星 SAMSUNG S8 曲面屏设计 超大屏幕占比 智能手机 新品发布 预售 星夜黑 64G,￥6999.00
三星(SAMSUNG) Galaxy ON5 时尚版 (G5520) 4G手机 双卡双待 金色 全网通(2G RAM+16G ROM)标配,￥899.00
三星 Galaxy C5（SM-C5000）双卡双待手机 烟雨灰 全网通4G(4GB+32GB)标配,￥1649.00
*三星 Galaxy Note5 N9200 双卡双待 移动电信联通三网4G手机 金色 64g,￥3688.00
三星 领世旗舰Ⅲ G9198 寰宇蓝 移动联通双4G手机,￥6988.00
三星 Galaxy S7 edge（G9350）移动联通电信 4G手机 双卡双待 曜石黑 全网通(4GB RAM+128GB ROM),￥5988.00
三星 Galaxy Folder SM-G1600 翻盖手机 双卡双待 金色 全网通(2GRAM+16GROM)标配,￥1699.00
三星 Galaxy A9 双卡双待 4G手机 精灵黑 全网通4G(SM-A9100),￥2458.00
三星 Galaxy On5 （G5520） 全网通4G手机 金色 全网通4G(2GRAM+16GRAM),￥838.00
三星(SAMSUNG) GALAXY J3 Pro(J3110) 4G手机 双卡双待 银色 移动联通(2G RAM+16G ROM) 标配,￥779.00
三星 Galaxy C9 Pro (C9000) 手机 蔷薇粉 全网通4G(6G RAM+64G ROM)标配,￥3199.00
*全球购 SAMSUNG 三星 Galaxy S7 edge 5.5寸 双卡智能手机正品港行 金色 32G,￥3588.00
三星 Galaxy S7 (G9300)移动联通电信4G 双卡双待手机 铂光金 全网通( 4G RAM+32G ROM),￥3499.00
三星S7 手机 雪晶白 G9308移动版(4G RAM+32G ROM),￥3529.00
*【全球购】Samsung/三星 S7 edge S7e/S7全身防水手机 港版 全网通 星钻黑 S7非曲面 代刷国行版本 支持pay 32G,￥3099.00
*三星 Galaxy S7 edge（G9350）4GB 128GB 曜岩黑 全网通4G手机 双卡双待,"￥5988.00
￥5188.00"
三星(SAMSUNG) 2016版 Galaxy On5（G5510）4G 双卡双待手机 流沙金 全网通4G (2G RAM+16G ROM) 标配,￥809.00
*SAMSUNG 三星 Galaxy S7 edge G9350 港版5.5英寸双曲面屏幕 珊瑚蓝 32G,￥4088.00
三星(SAMSUNG) Galaxy S7 （G9300） 4G手机 双卡双待 铂光金 全网通(4GRAM+32GROM)标配,￥3499.00
三星 Galaxy Note5（N9200） 雪晶白 全网通(4G RAM+32G ROM),￥3199.00
三星 Galaxy J3 PRO （J3119）电信4G双卡双待智能手机 金色,￥698.00
三星C7 Pro（C7010）手机 苍海蓝 全网通(4G RAM+64G ROM)标配,￥2899.00
【6期白条免息】三星 C7 Pro（C7010）4G手机 双卡双待 沧海蓝 全网通(4G RAM+64G ROM)标配,￥2899.00
三星 Galaxy On5 （G5520） 2GB+16G 时尚版 全网通4G手机 金色,￥818.00
*三星Galaxy S7 edge G9350双曲面屏 4G智能手机 亚太版 单卡 白色 4GB+32GB,￥3488.00
三星（SAMSUNG) SM-J3110 智能手机 4G双卡双待 皓月银 移动4G/联通4G(2G+16G)标配,￥820.00
*三星(SAMSUNG)旗舰产品 W2017 翻盖4G手机 双卡双待 黑色 4GB+64GB电信版 标配,￥23988.00
三星 Galaxy S6 Edge+（G9280） 手机 雪晶白 标准版(4G RAM+32G ROM),￥3579.00
*全球购 三星 GalaxyS6( G9200 ) 直屏 移动 联通双4G 星钻黑 32GB 标配,￥2688.00
三星 Galaxy C5（SM-C5000）全网通4G 智能手机 (4GB+64GB) 枫叶金,￥2199.00
三星 时尚版 Galaxy On5 （G5520）4G手机 流沙金 全网通(2+16G),￥858.00
三星 Galaxy S7 (G9300) 全网通4G手机 双卡双待 雪晶白 标配,￥3688.00
*三星 Galaxy A8（A8000）16G版 金色 16GB,￥1999.00
三星 Galaxy C9 Pro(C9000) 4G手机 枫叶金 （6G+64G）全网通,￥3199.00
*全球购 三星 (SAMSUNG) Galaxy S7 直面屏 5.1英寸4G手机 黑色 G9300G 全网通,￥3288.00
*SAMSUNG/三星 B309 手机 电信 小手机 天翼 学生手机 老人手机 直板按键备用 B309 电信 标配,￥229.00
三星 J3 Pro 手机 金色 移动联通双4G(2G RAM+16GROM)标配,￥739.00
*三星手机SM-W2016/SM-W2017/SM-G9198/SM-W2015 4G手机 三星SM-W2016+至尊银,￥9475.00
三星(SAMSUNG) GALAXY J3 Pro (J3119) 4G手机 金色 电信版(2G RAM+16G ROM),￥800.00
*三星 Galaxy J3 Pro（J3110）银色 移动联通双4G手机 全新原装+正品 银色,￥799.00
三星(SAMSUNG) W2017 4G手机 金色 电信版(4G RAM+64G ROM)标配,￥13999.00
*全球购 三星(SAMSUNG) W2017 翻盖手机 电信4G版(4G+64G)标配 黑色,￥21888.00
三星 W789 电信3G手机 双卡双待双通 奢华金 标配版,￥838.00
三星 Galaxy (SM-G1600） 金色 全网通(2GRAM+16GROM)标配,￥1399.00
三星 Galaxy S7 edge（G9350）手机 珊瑚蓝 全网通(4GB RAM+32GB ROM)标配,￥4288.00
*全球购 三星(SAMSUNG) E1200R直板按键学生老人机备用待机长小手机,￥328.00
三星Galaxy C7 Pro(C7010)手机 枫叶金 全网通(4GB RAM+64GB ROM),￥2199.00
三星 2016版 Galaxy On7（G6100） 4G手机 双卡双待 钛岩黑 全网通4G(3GRAM+32GRAM),￥1499.00
*SAMSUNG 三星 Galaxy S7 edge G9350 5.5英寸 港版 银色,￥3999.00
*全球购三星（SAMSUNG）大器III（SM-G9092） 联通手机（名仕蓝）双卡双待双通,￥2966.00
三星 Galaxy C5（SM-C5000）手机 烟雨灰 全网通(4GB RAM+64GB ROM)标配,￥1999.00
*三星（SAMSUNG）Galaxy C5Pro（C5010） 碧湖蓝 4GB+64GB,￥2198.00
*三星 Galaxy C9 Pro（C9000）6GB+64GB 5.7大屏旗舰 双卡双待 金,￥2999.00
三星 Galaxy C5（SM-C5000）双卡双待 4G手机 蔷薇粉 全网通(4G RAM+32G ROM)标配,￥1999.00
三星 Galaxy C7（SM-C7000）手机 枫叶金 全网通（4GB RAM+64GB ROM）标配,￥2399.00
*三星(SAMSUNG) Galaxy C5 (SM-C5000) 4G手机 双卡双待 烟雨灰 4GB+32GB全网通 标配,￥1688.00
三星 Galaxy ON5 时尚版(G5520) 全网通4G手机 时尚版流沙金 全网通(2GRAM+16GROM),￥839.00
*全球购 三星 Galaxy C5（SM-C5000）移动联通电信4G智能手机 皎洁银 全网通4GB+32GB,￥1799.00
*三星(SAMSUNG) J5 Prime (G5700) 4G智能手机 双卡双待 港版 金色,￥1768.00
*三星手机 SAMSUNG Galaxy S7 edge G9350 双曲屏 全网4G 32G金,￥4199.00
*预售 Samsung/三星 GALAXY S8 Plus S8+ 全网通 双曲屏 防水手机 枫叶金 64GB,￥9999.00
三星Galaxy A9 (SM-A9100) 全网通4G手机 魔幻金 (4G RAM+32G ROM),￥2249.00
三星 Galaxy Note5（N9200） 雪晶白 全网通(4GB RAM+32G ROM),￥3249.00
*手握 三星W2016 心系天下 电信4G手机 双卡双待单通 曲面玻璃 秉承 传承 创新 高 尊贵 银 64G,￥10800.00
*全球购 三星(SAMSUNG) W2017 翻盖手机 电信4G版(4G+64G)标配 黑色,￥18699.00
*三星手机SM-W2017 三星年度高端旗舰手机，彰显尊贵 黑色,￥21999.00
*三星 Galaxy ON5 时尚版 (G5520) 全网通4G 智能手机 粉色 (2GRA 流沙金,￥980.00
*三星 Galaxy S7 edge（G9350）手机 金色 4GB+64GB 全网通 标配,￥4588.00
三星 Galaxy Note5(N9200) 4G手机 双卡双待 雪晶白,￥3688.00
*全球购 SAMSUNG 三星 Galaxy S7 edge 5.5寸 双卡智能手机正品港行 金色,￥3588.00
三星 Galaxy C9 Pro(C9000) 4G手机 双卡双待 枫叶金 全网通(6G+64G),￥2999.00
*三星 Galaxy C7 Pro（C7010）4G手机 双卡双待 枫叶金 4GB+64G全网通4G 高配,￥2358.00
三星(SAMSUNG) Galaxy S7 edge (G9350) 4G手机 双卡双待 星钻黑 全网通(4GRAM+32GROM)标配,￥4888.00
三星(SAMSUNG) W2016双卡双待 电信4G标配版手机 金色,￥8788.00
*原装进口 三星手机Galaxy S7 Edge 双曲面屏5.5英寸全网通双4G 香港直邮 星钻黑 32G,￥4999.00
*三星 Galaxy C5（SM-C5000）4GB 64GB 枫叶金 全网通4G手机 双卡双待,￥2199.00
*全球购 三星GalaxyC9 Pro（C9000）全网通4G手机双卡双待 墨玉黑 6G+64G,￥2899.00
三星(SAMSUNG) 大器3 SM-G9092 联通手机 双卡双待 名仕蓝 (2G RAM+32G ROM) 标配,￥3199.00
三星手机 W2015/W2015+ 手机 金色 W2015(2GRAM+16GROM)电信4G,￥6499.00
*三星 Galaxy On7（G6100）手机 臻金色 现货 金色 全网通（3+32G）,￥1599.00
*【eBay精选】三星 Galaxy S7 edge 全网通 智能 4G手机 黑色 64G,￥4799.00
三星(SAMSUNG) Galaxy C7 (SM-C7000) 4G手机 双卡双待 蔷薇粉 全网通(4G RAM+ 32G ROM)标配,￥1979.00
三星 Galaxy C9 Pro（C9000）4G智能手机 墨玉黑 全网通4G(6G RAM+64G ROM),￥3199.00
*三星（J3110） 移动联通4G手机 2GB+16GB 银色,￥1288.00
*全球购 海外版 三星GAIAXY S6 Edge IRON MAN 钢铁侠 G925S 联通 4G 智能 64GB 限量版,￥15988.00
三星 Galaxy J3 Pro (J3110) 移动联通4G 手机 金色 移动联通(2G RAM +16G ROM) 标配,￥839.00
*全球购 三星Samsung 电信4G 翻盖商务手机 SM- W2016 64G 现代银色,￥22588.00
*三星 Galaxy C7 Pro（C7010）4G手机 双卡双待 沧海蓝 4GB+64G全网通4G 高配,￥2529.00
【6期白条免息】三星Galaxy C5 Pro（C5010） 碧湖蓝 全网通(4GRAM+64GROM)标配,￥2499.00
三星(SAMSUNG) Galaxy S7 edge (G9350) 4G手机 双卡双待 珊瑚蓝 全网通(4G RAM+64G ROM)标配,￥5188.00
三星S 手机 骁龙820三星s7 金色 标配,￥4888.00
*三星 Galaxy C7（SM-C7000）4GB 64GB 蔷薇粉 全网通4G手机 双卡双待,￥2599.00
*全球购 三星（SAMSUNG）W2013 电信3g手机 双模双待 翻盖 港行 尊贵银,"￥4666.00
￥4567.00"
*Samsung/三星 GT-E1200R老人机手机 手机老人机移动 手机联通直板,￥299.00
*全球购 三星 Galaxy C7（SM-C7000）全网通4G手机 双卡双待 枫叶金 4GB+64GB,￥2399.00
